query,count
iphone,100000
iphone 15,85000
iphone 15 pro,72000
iphone charger,60000
iphone case,54000
iphone 14,51000
iphone 13,40000
iphone se,22000
iphone wallpaper,18000
ipad,67000
ipad air,33000
ipad pro,31000
ipod,9000
java,90000
java tutorial,40000
java jdk download,38000
java interview questions,35000
javascript,88000
javascript tutorial,42000
javascript array methods,30000
javascript closures,21000
java vs javascript,15000
python,95000
python tutorial,52000
python list comprehension,33000
python pandas,31000
python dictionary,28000
python virtual environment,19000
python requests,17000
react,70000
react hooks,41000
react router,30000
react native,29000
react useeffect,25000
redux,21000
node js,46000
node js tutorial,24000
nodejs streams,12000
mysql,44000
mysql workbench,19000
mongodb,38000
mongodb atlas,16000
postgresql,33000
postgres vs mysql,11000
redis,30000
redis cache,14000
docker,57000
docker compose,28000
docker tutorial,22000
kubernetes,49000
kubernetes tutorial,18000
git,61000
git rebase,24000
git merge vs rebase,17000
github,72000
github actions,26000
how to tie a tie,46000
how to screenshot on windows,44000
how to lose weight,42000
how to make pancakes,33000
how to learn python,31000
how to cook rice,27000
how to invest money,24000
best laptops 2024,39000
best phones 2024,37000
best programming language,28000
best headphones,26000
best movies,31000
samsung galaxy s24,48000
samsung tv,29000
samsung,52000
samsung charger,21000
google maps,80000
google translate,62000
google drive,55000
google flights,33000
amazon prime,58000
amazon prime video,34000
amazon jobs,19000
netflix,75000
netflix login,28000
youtube,99000
youtube music,36000
youtube to mp3,41000
weather,84000
weather today,38000
weather tomorrow,22000
news,71000
cricket score,53000
cricket live,34000
ipl 2024,47000
football scores,29000
data structures,40000
data structures and algorithms,33000
dynamic programming,24000
binary search tree,16000
system design,38000
system design interview,29000
consistent hashing,9000
load balancer,14000
machine learning,57000
machine learning tutorial,23000
deep learning,34000
neural network,26000
chatgpt,88000
chatgpt login,31000
open source datasets,7000
linux commands,33000
linux mint,17000
windows 11,49000
windows 11 download,27000
visual studio code,44000
vscode extensions,18000
stack overflow,52000
leetcode,46000
leetcode top interview questions,21000
anshul,1000000000000